GDP_to_GDP,RCAP_to_GDP,ORNT_to_GDP,MXOP_to_GDP,EMCO_to_GDP,KOEP_to_GDP,CGEN_to_GDP,GEXP_to_GDP,OPRD_to_GDP,GDP_to_RCAP,RCAP_to_RCAP,ORNT_to_RCAP,MXOP_to_RCAP,EMCO_to_RCAP,KOEP_to_RCAP,CGEN_to_RCAP,GEXP_to_RCAP,OPRD_to_RCAP,GDP_to_ORNT,RCAP_to_ORNT,ORNT_to_ORNT,MXOP_to_ORNT,EMCO_to_ORNT,KOEP_to_ORNT,CGEN_to_ORNT,GEXP_to_ORNT,OPRD_to_ORNT,GDP_to_MXOP,RCAP_to_MXOP,ORNT_to_MXOP,MXOP_to_MXOP,EMCO_to_MXOP,KOEP_to_MXOP,CGEN_to_MXOP,GEXP_to_MXOP,OPRD_to_MXOP,GDP_to_EMCO,RCAP_to_EMCO,ORNT_to_EMCO,MXOP_to_EMCO,EMCO_to_EMCO,KOEP_to_EMCO,CGEN_to_EMCO,GEXP_to_EMCO,OPRD_to_EMCO,GDP_to_KOEP,RCAP_to_KOEP,ORNT_to_KOEP,MXOP_to_KOEP,EMCO_to_KOEP,KOEP_to_KOEP,CGEN_to_KOEP,GEXP_to_KOEP,OPRD_to_KOEP,GDP_to_CGEN,RCAP_to_CGEN,ORNT_to_CGEN,MXOP_to_CGEN,EMCO_to_CGEN,KOEP_to_CGEN,CGEN_to_CGEN,GEXP_to_CGEN,OPRD_to_CGEN,GDP_to_GEXP,RCAP_to_GEXP,ORNT_to_GEXP,MXOP_to_GEXP,EMCO_to_GEXP,KOEP_to_GEXP,CGEN_to_GEXP,GEXP_to_GEXP,OPRD_to_GEXP,GDP_to_OPRD,RCAP_to_OPRD,ORNT_to_OPRD,MXOP_to_OPRD,EMCO_to_OPRD,KOEP_to_OPRD,CGEN_to_OPRD,GEXP_to_OPRD,OPRD_to_OPRD
1.0,0.0,0.0,0.0,0.0,0.0,0.0,0.0,0.0,0.0,1.0,0.0,0.0,0.0,0.0,0.0,0.0,0.0,0.0,0.0,1.0,0.0,0.0,0.0,0.0,0.0,0.0,0.0,0.0,0.0,1.0,0.0,0.0,0.0,0.0,0.0,0.0,0.0,0.0,0.0,1.0,0.0,0.0,0.0,0.0,0.0,0.0,0.0,0.0,0.0,1.0,0.0,0.0,0.0,0.0,0.0,0.0,0.0,0.0,0.0,1.0,0.0,0.0,0.0,0.0,0.0,0.0,0.0,0.0,0.0,1.0,0.0,0.0,0.0,0.0,0.0,0.0,0.0,0.0,0.0,1.0
0.9986519802043098,0.30372026772534993,117.96265520535226,-27.085168625342767,-12.571873638994383,14.814778175889234,-0.1826890124569649,0.00032245817251536107,-3.5850000947733967,1.9487678424779027e-06,0.997449538250893,0.41581709816809154,-0.08528540440417669,-0.04051075432802652,0.004963031398583229,-0.00010937605267670869,4.182574373914412e-06,0.002543611847022059,2.404245735846105e-10,-6.822427973848849e-07,0.9993865188736418,-0.00010491916808391125,1.684472043977985e-05,9.943979955078162e-06,-2.3228232210983587e-07,3.3328125285878117e-09,8.043926830930556e-07,5.502798651576258e-09,-8.102934373515524e-06,0.01904428059980081,0.9963982992757856,0.000360555490050582,0.00019792992226289887,-4.104302345430775e-06,1.788945383613316e-08,-1.733346397589132e-05,-2.3537236184512195e-08,7.2036104201355245e-06,-0.0064565048443394,0.0014689784919252914,0.9980948370206845,5.002077234086501e-05,1.7664933707179248e-06,-1.8923825707870978e-08,-5.478158460120731e-06,1.8887990052331383e-09,-1.672983279473712e-05,-0.005923565163226525,0.0014330157926664073,-9.37723083782729e-06,0.9976417773229554,1.0757433917126106e-05,2.82038420035991e-08,0.00021049060959799825,1.2622239750070818e-06,0.003034746101728528,-1.8370714193446736,0.12793587309560944,-0.06082076530498211,0.017845799117571396,1.9977026498182888,-4.532894713032996e-06,-0.020044426786122546,4.5312648824860635e-05,0.2007765742441473,232.058644514741,-17.954967256161197,2.5771793692943046,3.264792108114915,-0.05062024083018659,0.998706382822966,-0.34642842575691946,3.074717251378519e-08,-4.7289206017531086e-05,0.08659023982444916,-0.008058271081188454,-0.00018906595653319578,0.0006454725367997461,-2.4641657554908676e-05,2.63939865520058e-07,0.9988132856592843
0.9976819438104559,0.2754275426338709,317.5652738817289,-91.15034101075707,-86.38081072586988,39.719073812119596,-0.36519067331011346,-0.0016079445981544958,-5.95316109070104,2.352550865384808e-06,0.9939316254993261,1.4907572677798053,-0.16094805377255578,-0.07944708875235428,0.0007839860011222711,-0.0002172667060995601,1.1401740707049534e-05,0.004763685814413542,-7.266419014479312e-10,-1.9343882549753263e-06,0.997908172445009,-0.00020140375274389216,3.5875361682532934e-05,9.583524469865945e-06,-4.629616396963346e-07,3.15819189743532e-09,4.633967473764984e-06,-8.548620684172004e-09,-6.526926791120875e-06,0.02258851676385839,0.9936515067538503,0.0009683516962821549,0.00019640444863365782,-8.185097458574392e-06,-8.297364498077203e-08,-3.12798992540545e-05,-3.855128831700895e-09,8.222273686960763e-06,0.0052181933028987385,0.0009682304838005973,0.993314598119512,0.00048528314014446134,3.506620393328482e-06,-3.619797981423914e-08,1.183628143867842e-05,-2.6748969647343145e-09,-6.015631097264115e-05,0.0562405959301543,-0.0007162399720876561,0.0007370837573898068,0.9936887936563008,2.150212965375192e-05,1.3761548557393596e-07,0.0008382548926565891,1.4017829049955776e-05,0.0049204114381192115,-2.16657332021218,-0.040152427345707065,-0.4284363291290774,0.04150764229861695,2.9931096761229163,-2.627127908027869e-06,-0.06409198072277923,0.00043923067498195795,0.7249372363111268,4.796757733179618,-2.572941316754836,1.3841364756179098,6.173958141817172,-0.10130378388207652,0.9958451148014477,-2.499890050508912,-7.61106486251991e-08,-0.000105263270849104,0.2589918854354992,-0.018897397588067515,0.0010900053829778719,0.000282472339439658,-4.9189763978116724e-05,6.678055295472727e-07,0.9974739920081668
0.9967117602510877,0.24592297555469933,515.8304639153496,-154.9185975651081,-159.8867441119375,64.4894716497399,-0.5473179766255697,-0.003529518546126466,-8.298685182488176,2.7539718063788065e-06,0.9904261762831011,2.5614961806049426,-0.23631092797085618,-0.11816416573785188,-0.0033503207623640317,-0.00032372575494696217,1.8590335983932082e-05,0.006969645804854063,-1.693098993781656e-09,-3.1810210832655987e-06,0.9964293192325269,-0.00029725282939783195,5.4847525163644456e-05,9.19551901467637e-06,-6.915979408003481e-07,2.9784289202959273e-09,8.461897972284142e-06,-2.2574010127527342e-08,-4.990937075208229e-06,0.026087027796740894,0.9909145748853767,0.0015729910534000753,0.00019432506320770778,-1.2235613522480985e-05,-1.834732371094346e-07,-4.485891554996994e-05,1.5806723064786822e-08,9.21522360195516e-06,0.016870295211505727,0.0004657621081614197,0.9885499899175357,0.0009182254624564242,5.215579936990315e-06,-5.33372128524788e-08,2.9129535300820822e-05,-7.189804412246632e-09,-0.00010334383217543866,0.11823827266392412,-0.0028654884601335595,0.0014797623579959687,0.989749403251163,3.220670614837234e-05,2.465690750562301e-07,0.0014630584095285724,3.822216592733498e-05,0.005665072636936908,-0.9940895655700048,-0.5032202198879847,-1.1015844967395183,0.0710176851985192,3.986221345691528,5.695795768006776e-06,-0.13208318680749673,0.0008323908141948135,1.2464023910658693,-221.6591926907797,12.736335120216562,0.1704045228299984,9.07076117715761,-0.1520652908591822,0.9929926800737946,-4.644038942232317,-1.829124465941064e-07,-0.00016297285691077866,0.43081723670473066,-0.029693050558219206,0.0023727243551071157,-8.014638307003588e-05,-7.363833003838215e-05,1.0706171014293994e-06,0.9961374766129086
0.9957390424130714,0.21437053975694265,713.7950571467371,-218.43279756363404,-232.92863897186504,89.09954897319545,-0.7290699287466774,-0.00543560816856325,-10.614244727635002,3.154224319179704e-06,0.9869355445691335,3.6245415778491017,-0.3111818636738228,-0.15658954578249026,-0.007441025726246152,-0.00042876059351287804,2.5739972329946375e-05,0.00915275816188973,-2.6590905197164007e-09,-4.4215376605634156e-06,0.9949513239246064,-0.0003925226175410814,7.38376495596538e-05,8.795835868953711e-06,-9.182005930931759e-07,2.8016777095477424e-09,1.2285899170535331e-05,-3.662320039442523e-08,-3.515441031029469e-06,0.029590829100834146,0.9881851324989355,0.002175454990391321,0.00019185059612274318,-1.625594760539508e-05,-2.8341217372425014e-07,-5.800618870681541e-05,3.5360916477330086e-08,1.0152719211695933e-05,0.02848925477621342,-3.7309587059661644e-05,0.9838064813322378,0.0013478046470755457,6.893563303189136e-06,-7.026085182749641e-08,4.659331134795719e-05,-1.1615425743025201e-08,-0.0001462786512912189,0.1799513628079681,-0.005011425004690515,0.0022152021940496326,0.9858261579433194,4.2871198572402394e-05,3.549880809631584e-07,0.0020842422261313507,7.383901166034819e-05,0.005276889091857247,1.6658997319659132,-1.2600714618911617,-2.079084086851882,0.10652415068312404,4.97703793434882,2.0398084165901608e-05,-0.22396604091230926,0.0012238674070833338,1.764878345012375,-446.71332284066284,27.9491251569349,-1.0636452914947734,11.955382229442174,-0.202903408342638,0.9901490828325805,-6.776972451792754,-2.8960151273346164e-07,-0.00022037406332434348,0.6018987138124765,-0.040436222084444445,0.003661224605566721,-0.00044172219482638037,-9.798766780826215e-05,1.4723636977316842e-06,0.9948032038419697
0.9947637972725374,0.18078933771536349,911.4576613687981,-281.6934111769521,-305.50815262010826,113.55004853157772,-0.9104456107465344,-0.007326297372973429,-12.899998237214987,3.553326510502601e-06,0.9834596680786675,4.679929432963636,-0.38556325170077677,-0.1947251335999923,-0.011488390413116379,-0.000532378278598258,3.28508162701976e-05,0.011313126700214352,-3.6246027022119592e-09,-5.655959660581471e-06,0.9934741966304844,-0.00048721583764052345,9.284534414935856e-05,8.384542874980537e-06,-1.1427791179460696e-06,2.6279320548331715e-09,1.6105923903100014e-05,-5.069592010242727e-08,-2.1000075507861057e-06,0.033099894813460186,0.9854631574619034,0.0027757538102730957,0.00018898335543680384,-2.024619570992438e-05,-3.827927112168235e-07,-7.072449891670401e-05,5.480746289668128e-08,1.1035214476150614e-05,0.040075035127231345,-0.000540960106047504,0.9790839985354075,0.0017740383140220609,8.540767699758537e-06,-8.69703422061134e-08,6.422653787368902e-05,-1.59519869602557e-08,-0.00018896204236703489,0.24138079035476112,-0.0071540415291944,0.0029434290854960824,0.9819189953151658,5.349568962653614e-05,4.6287537470928054e-07,0.00270182163125038,0.00012083218228267569,0.0037639882017158864,5.798963236399926,-2.3095113926420248,-3.3597564948201595,0.14817418519613956,5.9655597289812,4.144205434616769e-05,-0.33968844889094996,0.0016136623058760602,2.2803783670352034,-670.3725479926812,43.06595729456813,-2.317741530423514,14.827862273196114,-0.2538166754201142,0.987314289738765,-8.89872726309716,-3.961773917068442e-07,-0.0002774679009952522,0.7722387887343473,-0.051127089857612266,0.004955458168734654,-0.0008022587265785889,-0.00012223807724926004,1.8730472523011456e-06,0.9934711681772362
0.9937860402763657,0.1452007896767109,1108.8145707002486,-344.7008752842193,-377.62730185738246,137.8417869726918,-1.0914441166788618,-0.009201676903020555,-15.156124015603146,3.95129500196696e-06,0.9799984828462264,5.72770171292217,-0.4594577589348534,-0.232573046102729,-0.015492645705879746,-0.0006345858432912441,3.9923039806788024e-05,0.013450863497201508,-4.589617118199572e-09,-6.884308765756308e-06,0.9919979459781236,-0.000581335151656365,0.00011186997843195196,7.961700983466147e-06,-1.3653430046921134e-06,2.457177937768518e-09,1.9921922808857653e-05,-6.479180033302801e-08,-7.441692397939607e-07,0.036614116440967154,0.9827486317422395,0.003373896988504282,0.00018572525636182974,-2.42064536873968e-05,-4.816172364283116e-07,-8.301680404947262e-05,7.414662683110778e-08,1.186325391504967e-05,0.051627572837758956,-0.0010451662198834278,0.9743824567785486,0.002196946869961915,1.0157389366207433e-05,-1.0346728808039761e-07,8.202753334347047e-05,-2.019974536176814e-08,-0.0002313952678564091,0.3025276334740248,-0.009293332765517496,0.003664478164441411,0.9780278492317259,6.408026193236283e-05,5.702340249028032e-07,0.003315812804981548,0.0001791655347833985,0.0011344613321569962,11.390737750300481,-3.65034757487197,-4.942425816405501,0.19611380441889995,6.951787027503562,6.879016080887903e-05,-0.47919816631340606,0.002001776998115907,2.792915683568939,-892.64401239688,58.08736838719952,-3.59156069775842,17.688232028953223,-0.30480363796359955,0.9844882697334797,-11.009339532351106,-5.026394961581764e-07,-0.0003342552847649096,0.9418400100276925,-0.06176583193427067,0.006255369350416828,-0.0011617591982839058,-0.0001463898576327299,2.2726692166782705e-06,0.9921413641186635
0.9928057868393975,0.10762617306264638,1305.8621240695134,-407.4556282844473,-449.28809651796536,161.97557708719813,-1.2720645538481599,-0.01106183701988981,-17.382799513198812,4.348146312325974e-06,0.9765519251760707,6.767900184001256,-0.5328680404534637,-0.270135388352646,-0.01945402125640067,-0.0007353902974294892,4.6956814222994883e-05,0.01556608009967156,-5.554115454419506e-09,-8.106606593473554e-06,0.9905225805308734,-0.0006748832113662238,0.000130910925435231,7.5273711256178465e-06,-1.5859017114827828e-06,2.2894013923363735e-09,2.3733846850008627e-05,-7.891047347429433e-08,5.525387074845733e-07,0.040133386233656455,0.9800415373254237,0.003969893929345895,0.00018207821026022784,-2.8136817251109346e-05,-5.798881264663588e-07,-9.488604913011366e-05,9.337867299908114e-08,1.2637378508603463e-05,0.0631468058145929,-0.001549904880517017,0.9697017716277313,0.002616550610989085,1.1743623567500606e-05,-1.197532838774788e-07,9.99946271035936e-05,-2.4358958416026075e-08,-0.0002735795835878133,0.3633929660571072,-0.011429293480282808,0.004378384456819215,0.9741526538301606,7.462499795163723e-05,6.77067081810204e-07,0.003926231859399074,0.0002488029671361275,-0.002603636043265325,18.426928001792206,-5.281389894258064,-6.8259188407503615,0.2504878981017086,7.935720138822172,0.00010240499503951013,-0.6424427998446474,0.002388212986228154,3.3025034662361414,-1113.5348238537965,73.0138926322021,-4.884781574152925,20.536522118552984,-0.3558628486560502,0.9816709918829571,-13.108845310949405,-6.089872423167741e-07,-0.00039073712792915663,1.1107049182700264,-0.07235262588384875,0.007560902719786713,-0.0015202268154193006,-0.00017044330757701854,2.6712310439350558e-06,0.9908137861822733
0.9918230523300436,0.06808661780399472,1502.5967089078747,-469.95811010305465,-520.4925388965938,185.95222766634492,-1.452306042721902,-0.012906867497969725,-19.58020128758751,4.743896849720481e-06,0.9731199316396448,7.800566406255537,-0.6057967392201264,-0.3074142529426783,-0.023372745637638918,-0.0008347986276554232,5.3952310089390134e-05,0.017658887537862548,-6.5180795171218e-09,-9.3228746972884e-06,0.9890481087871221,-0.0007678626582988334,0.00014996756213826845,7.081614188288836e-06,-1.8044646653664e-06,2.1245885040063533e-09,2.7541647318657474e-05,-9.30515732734561e-08,1.7905785082192517e-06,0.043657597231498674,0.9773418562128428,0.004563753963339731,0.00017804412589551068,-3.203738197614125e-05,-6.776077488807034e-07,-0.00010633516641310894,1.1250386585557824e-07,1.3358125492417969e-05,0.07463267342815072,-0.0020551532215397,0.9650418589809105,0.0030328697171585718,1.3299664598572018e-05,-1.3582991407560568e-07,0.00011812616084787735,-2.8429883539917048e-08,-0.0003155162388039963,0.4239778575276108,-0.013561918474520398,0.005085182854761294,0.9702933435261256,8.51299799865483e-05,7.833775768119545e-07,0.004533094837296138,0.00032970841832822656,-0.007442284209363843,26.893306414538483,-7.2014505584972195,-9.009065043410882,0.3114402349145884,8.91735938279765,0.00014224928505335858,-0.8293698086468059,0.0027729717904462553,3.8091548330639693,-1333.052054510278,87.84606160289822,-6.197085350255625,23.37276309803293,-0.406992866971676,0.9788624253744846,-15.197280554011265,-7.152200506762208e-07,-0.0004469143425463465,1.2788360461990884,-0.08288764879566117,0.008872003125223252,-0.0018776647727538716,-0.00019439872504748074,3.0687341892171794e-06,0.989488428901347
0.9908378520703357,0.02660310719144776,1699.0147607726567,-532.2087621715823,-591.2426237728665,209.77254352128534,-1.632167716842864,-0.014736857627365228,-21.748505007802386,5.138562912176748e-06,0.9697024390744977,8.8257417344542,-0.6782464861317197,-0.3444117200600196,-0.027249046348476188,-0.0009328177974705816,6.0909697266709624e-05,0.01972939632798227,-7.481491231598348e-09,-1.0533134567074627e-05,0.9875745391806066,-0.000860276123766679,0.00016903926945521772,6.624491012753239e-06,-2.02104126236438e-06,1.9627254095055093e-09,3.134527583559701e-05,-1.0721473483486279e-07,2.9704098036612037e-06,0.0471866432590981,0.9746495704219664,0.005155486347836386,0.00017362490941476934,-3.590824329914647e-05,-7.747784617018567e-07,-0.00011736707542701053,1.3152246958969207e-07,1.402602837922433e-05,0.08608511650096644,-0.002560888557139877,0.9604026350666632,0.0034459242531083194,1.4825705788815995e-05,-1.5169875326032228e-07,0.0001364204885389602,-3.241277809619837e-08,-0.00035720647619753436,0.4842833728625638,-0.015691202583669916,0.005784908116990489,0.9664498530125694,9.559529018009903e-05,8.891685225109942e-07,0.00513641771249025,0.00042184586838990643,-0.013373499076116808,36.77571287840261,-9.40934409636749,-11.490696579420256,0.37911346728093487,9.896705090208062,0.0001882858949417463,-1.0399265057750597,0.0031560549486937825,4.312882848692566,-1551.2027410311523,102.58440425946753,-7.528155613537923,26.196985457851238,-0.45819225915639483,0.9760625395159198,-17.27468112069873,-8.213373459778949e-07,-0.0005027878394323801,1.4462359187344365,-0.09337107727981706,0.01018861569322066,-0.0022340762543819953,-0.00021825640735641656,3.465180109715669e-06,0.9881652868263727
0.9898502013359979,-0.016803521268299315,1895.1127629653033,-594.208027407538,-661.5403384365006,233.43732550261063,-1.811648722741924,-0.01655189621641026,-23.887885458641275,5.532160688132038e-06,0.9662993845832191,9.843467319013746,-0.750219900065762,-0.3811298575505735,-0.031083149818115618,-0.0010294547472899,6.782914490869136e-05,0.021777716474667003,-8.444332641702034e-09,-1.1737407629170106e-05,0.9861018800807234,-0.0009521262288989258,0.00018812543221855183,6.156062393583613e-06,-2.2356408675473632e-06,1.8037982966008772e-09,3.51446843490821e-05,-1.2139959461814445e-07,4.092489671462034e-06,0.050720418920748446,0.9719646619865204,0.0057451002675332355,0.00016882246432760783,-3.9749496518148104e-05,-8.71402613479199e-07,-0.00012798468301808479,1.5043474812304426e-07,1.4641616980910265e-05,0.09750407729587578,-0.0030670883810561362,0.9557840164428983,0.0038557341686892947,1.632193950655822e-05,-1.6736136618102994e-07,0.0001548759763270237,-3.63078993918882e-08,-0.0003986515319463615,0.5443105726138452,-0.017817140677580896,0.006477594869285234,0.9626221172585199,0.00010602101051648668,9.944429128421796e-07,0.005736216390130783,0.0005251793384232118,-0.020389332045966956,48.06005452079053,-11.903887356776508,-14.269648276382828,0.45364913619425373,10.873757602712125,0.00024047782441998633,-1.2740600595672704,0.0035374640164601945,4.813700524580231,-1767.9938847685328,117.22944695980149,-8.877678334920255,29.00921962303377,-0.5094595982083164,0.9732713037352119,-19.34108277451424,-9.273385571935697e-07,-0.000558358528155222,1.612907052998621,-0.10380308746811487,0.011510685827290873,-0.0025894644337496366,-0.000242016651163019,3.860570264638655e-06,0.9868443545249898
0.98886011535652,-0.062112575000957404,2090.887246151904,-655.956350194377,-731.3876627125184,256.94737051978865,-1.9907482198513238,-0.018352071594167702,-25.998516544962904,5.924706256958032e-06,0.962910705532381,10.853784106926803,-0.8217195879275337,-0.4175707209830943,-0.03487528141046675,-0.0011247163944959756,7.47108214649026e-05,0.023803957473428606,-9.406585909367379e-09,-1.293571524652216e-05,0.9846301397928409,-0.0010434155846742634,0.00020722543916235878,5.676389077537703e-06,-2.448272815111228e-06,1.6477934038831262e-09,3.893982513360653e-05,-1.3560579043636502e-07,5.157272637939331e-06,0.05425881959551693,0.9692871129566586,0.006332604835009176,0.0001636386914852903,-4.3561236792334586e-05,-9.674825433189244e-07,-0.00013819088339382026,1.6924096510821572e-07,1.5205417430431869e-05,0.10888949950427529,-0.003573730365535796,0.951185919995575,0.004262319299592292,1.7788557163506734e-05,-1.8281930780724193e-07,0.0001734910024690019,-4.011550467666651e-08,-0.00043985263574910886,0.6040605129294995,-0.01993972766051192,0.007163277604942936,0.958810071507876,0.00011640722282148313,1.0992037231811442e-06,0.006332506707005111,0.0006396728906309054,-0.02848186988161871,60.732305478673226,-14.68389950779714,-17.344757627598746,0.5351876760180411,11.848517272812524,0.00029878820837710694,-1.5317174950273997,0.003917200566677147,5.31162081920784,-1983.4324519303814,131.78171347031952,-10.245341855463208,31.80949595332113,-0.5607934638582548,0.9704886875799235,-21.396521183596903,-1.03322311750806e-06,-0.0006136273170294762,1.7788519583383144,-0.11418385501493765,0.012838159206869555,-0.0029438324736806836,-0.00026567975247333283,4.254906115183297e-06,0.9855256265819332
0.9878676093152294,-0.10930350551759305,2286.334787986165,-717.4541763616166,-800.7865689863612,280.30347156050715,-2.1694653804183943,-0.02013747161291668,-28.080571295962205,6.316215589482063e-06,0.9595363395514827,11.856732842687041,-0.8927481446970355,-0.45373635371301474,-0.03862566542851682,-0.0012186096334932989,8.155489468355619e-05,0.025808228313090268,-1.0368233314132709e-08,-1.4128078718832768e-05,0.9831593265586086,-0.0011341467919536656,0.00022633868290569423,5.185531762454227e-06,-2.658946408452995e-06,1.494697020551304e-09,4.273065078868301e-05,-1.4983296145416756e-07,6.1652106902891e-06,0.057801741432356085,0.966616905399132,0.006918009091256088,0.00015807548906010674,-4.7343559141857906e-05,-1.0630205809218344e-06,-0.00014798855816630253,1.8794138392719338e-07,1.571795220360581e-05,0.12024132823445549,-0.004080792360298763,0.9466082629374234,0.004665699367971442,1.9225749219182967e-05,-1.9807412338453072e-07,0.00019226395724828067,-4.383585114128337e-08,-0.00048081101086025414,0.6635342455749402,-0.02205895847112864,0.007841990685242068,0.9550136512782056,0.0001267540087628157,1.2034539104525664e-06,0.00692530443184332,0.0007652906283452447,-0.037643234574331594,74.77850667128644,-17.748202035690447,-20.71486478521902,0.623868419268861,12.820984463819332,0.0003631803164273255,-1.812845695202727,0.0042952661895953445,5.80665663828253,-2197.5253737483304,146.24172497674738,-11.630836873123632,34.597844743315875,-0.6121924425502703,0.9677146607167548,-23.441031921017522,-1.1389904643019176e-06,-0.0006685951131110206,1.9440731363454022,-0.12451355509814864,0.014170981786225645,-0.0032971835264033163,-0.00028924600664022445,4.648189124507872e-06,0.9842090975989786
0.9868726983493653,-0.15835590757209622,2481.452012734809,-778.7019531650859,-869.7390222289317,303.5064177099225,-2.3477993894197406,-0.02190818365062728,-30.13422186942482,6.706704548506164e-06,0.9561762245318999,12.852354069210188,-0.9633081534757865,-0.489628786945963,-0.04233452511868839,-0.001311141335762449,8.836153161431579e-05,0.027790637478210957,-1.1329257252663821e-08,-1.5314519282703696e-05,0.9816894485562666,-0.0012243224415130656,0.0002454645599359918,4.683551096157638e-06,-2.86767092024662e-06,1.3444954861986551e-09,4.651711423762633e-05,-1.6408074818591096e-07,7.1167532887453265e-06,0.061349081345243604,0.963954021397458,0.0075013220062070795,0.0001521347525249563,-5.1096558447633724e-05,-1.1580190466209847e-06,-0.00015738057639545587,2.0653626768983412e-07,1.617974014078244e-05,0.13155951000000815,-0.0045882523915066874,0.9420509628066713,0.005065893983064467,2.063370518533292e-05,-2.1312734849016957e-07,0.00021119324289488255,-4.7469195915974235e-08,-0.0005215278741250817,0.7227328179540433,-0.02417482808250067,0.008513768339902942,0.951232792359548,0.00013706144985054804,1.3071964132378513e-06,0.007514625265621535,0.0009019966960566548,-0.047865583212707744,90.18476557350587,-21.095618743916035,-24.37881255343084,0.7198296013826785,13.791159549813546,0.0004336175524632635,-2.1173914025548957,0.004671662492661933,6.298820834940651,-2410.2795466447787,160.6100000948576,-13.033856429575435,37.374296222629916,-0.6636551274222393,0.9649491929310701,-25.47465046507243,-1.2446400391341776e-06,-0.0007232628221917007,2.108573080878025,-0.13479236241998718,0.015509099793374418,-0.003649520733576402,-0.00031271570836336225,5.040420757704036e-06,0.9828947621948869
0.9858753975501514,-0.2092495183231431,2676.2355909054045,-839.700129267308,-938.2469800215632,326.55699416981463,-2.5257494444758826,-0.02366429461342271,-32.15963955596092,7.096188889323953e-06,0.952830298625837,13.840688128751164,-1.0334021855334616,-0.5252500398009702,-0.04600208267518341,-0.001402318349914256,9.513089861109056e-05,0.02975129295149863,-1.228964023827918e-08,-1.649505811178142e-05,0.9802205139009527,-0.0013139451140759505,0.0002646024705925301,4.1705076753717654e-06,-3.0744555925186635e-06,1.1971751905995265e-09,5.029916872633962e-05,-1.7834879249379918e-07,8.012347378686846e-06,0.06490073700834961,0.9612984430520868,0.00808255247926148,0.00014581837463314634,-5.482032945114328e-05,-1.252480251419181e-06,-0.00016636979463215256,2.2502587923234445e-07,1.6591296468400523e-05,0.14284399270830664,-0.005096088660737385,0.9375139374657763,0.005462922641809666,2.201261363031858e-05,-2.2798050908846979e-07,0.0002302772735061358,-5.101579606888239e-08,-0.0005620044360144545,0.7816572731301314,-0.026287331502097378,0.00917864466754717,0.9474674308132223,0.00014732962743746114,1.4104341518822288e-06,0.008100484841863828,0.001049755279442294,-0.05914110785197151,106.93725598989562,-24.724975752129847,-28.335446381673012,0.8232083654645002,14.759042915610717,0.0005100634542108964,-2.44530122032481,0.005046391100398437,6.788126209949985,-2621.7018323992515,174.88705488117222,-14.454095897094772,40.138880556032,-0.7151801182864559,0.9621922541264248,-27.49741219957604,-1.3501712877251495e-06,-0.0007776313487940821,2.272354278081584,-0.14502045120796495,0.01685245972899408,-0.004000847226315924,-0.00033608915168920793,5.431602481769242e-06,0.9815826150053496
0.9848757219628702,-0.2619642165006312,2870.6822388765904,-900.4491547180149,-1006.3123925809169,349.4559822776477,-2.7033147557663537,-0.025405890938029065,-34.1569947832184,7.4846842602353224e-06,0.9494985002452849,14.821775163817357,-1.103032800354369,-0.5606021193733689,-0.04962855924431369,-0.0014921475017439275,0.00010186316133481872,0.031690302216212204,-1.3249364900476602e-08,-1.7669716316901963e-05,0.9787525306450088,-0.0014030173803458708,0.00028375181904995714,3.6464620446423675e-06,-3.2793096367238527e-06,1.0527225734973433e-09,5.407676782210376e-05,-1.9263673758600178e-07,8.852437402691753e-06,0.06845660685123153,0.9586501524805678,0.008661709339806641,0.0001391282453984066,-5.8514966754237295e-05,-1.3464064970263286e-06,-0.00017495905696118995,2.4341048111577694e-07,1.6953132820424176e-05,0.1540947256490593,-0.005604279543964506,0.9329971051001605,0.005856804729459679,2.3362662183489656e-05,-2.4263512158581587e-07,0.00024951447496782397,-5.447590860448844e-08,-0.0006022419006593986,0.8403086498468477,-0.028396463771782596,0.009836653636155823,0.9437175029706407,0.00015755862271943485,1.5131700286012688e-06,0.008682898726942754,0.0012085306053945144,-0.07146203538373912,125.02221782942789,-28.635101495169494,-32.583614357881295,0.9341407670213826,15.724634956724701,0.0005924816927862275,-2.796521613891406,0.005419453654279229,7.274585511911229,-2831.7990583140327,189.0734028436276,-15.891252965509338,42.8916278435954,-0.7667660216102591,0.9594438143240958,-29.509352414152243,-1.4555836599392594e-06,-0.0008317015961662605,2.4354192064097004,-0.15519799521576255,0.018201008365345845,-0.004351166125221438,-0.00035936663001101825,5.82173576557933e-06,0.980272650682934
0.983873686586936,-0.3164800215765643,3064.788718530696,-960.9494809347956,-1073.9372027838092,372.2041595255383,-2.8804945459452527,-0.027133058594212625,-36.126457120075614,7.87220620305899e-06,0.9461807680609812,15.795655118078036,-1.1722025456837688,-0.5956870207973867,-0.05321417492881776,-0.0015806355942851417,0.00010855848475624059,0.03360777225855241,-1.4208413984461474e-08,-1.883851494623558e-05,0.9772855067782864,-0.0014915418010388647,0.00030291201330187047,3.111474695268441e-06,-3.4822422338205294e-06,9.111241243936499e-10,5.7849865412369894e-05,-2.0694422801476705e-07,9.63746531253956e-06,0.07201659005405626,0.9560091318177139,0.009238801347736535,0.00013206625207511587,-6.218056481894168e-05,-1.439800075896632e-06,-0.00018315119504413576,2.6169033562454255e-07,1.7265757259662618e-05,0.16531165948293577,-0.006112803590542417,0.9285003842169529,0.006247559520192024,2.4684037539535726e-05,-2.570926928853995e-07,0.0002689032848758136,-5.784979046204673e-08,-0.0006422414658855019,0.8986879825489227,-0.03050221996780821,0.010487829083526284,0.9399829454321268,0.00016774851673582926,1.6154069275868198e-06,0.00926188242037849,0.001378286942049218,-0.08482062740627624,144.4259568808719,-32.82482672202719,-37.12216720176361,1.05276177867886,16.68793607933151,0.0006808360722536821,-3.1709989121243236,0.005790851812610541,7.758211437458754,-3040.5780173790786,203.1695549522022,-17.34502762921145,45.632568120845654,-0.8184114504966932,0.9567038436626122,-31.51050630452454,-1.5608766097679407e-06,-0.0008854744662767295,2.597770336645132,-0.1653251677241263,0.019554692745197538,-0.004700480540402554,-0.0003825484360688575,6.2108220798612775e-06,0.9789648638970283
0.982869306375969,-0.37277709294036476,3258.5518368887415,-1021.2015606838728,-1141.1233461919642,394.80229957913036,-3.057288050057246,-0.028845883087204868,-38.06819528081368,8.258770153642912e-06,0.9428770410013754,16.76236773726995,-1.2409139575740302,-0.6305067273084328,-0.056759148792164156,-0.0016677894078640997,0.00011521703315866075,0.03550380957004154,-1.5166770350676433e-08,-2.0001474985431318e-05,0.975819450228451,-0.0015795209269158026,0.0003220824651444552,2.5656060642423882e-06,-3.6832625343459793e-06,7.723663823382161e-10,6.161841570355507e-05,-2.2127090967452702e-07,1.0367870581161291e-05,0.07558058654284966,0.9533753632157635,0.009813837193967194,0.00012463427913874075,-6.581721796726512e-05,-1.5326632712656503e-06,-0.00019094902816204208,2.798657047649394e-07,1.7529674298973375e-05,0.1764947462302649,-0.006621639522196282,0.9240236936437346,0.00663520617771643,2.5976925462818854e-05,-2.7135472044165455e-07,0.00028844215245815767,-6.113769851402883e-08,-0.0006820043232471261,0.956796301402833,-0.03260459520080668,0.01113220471772778,0.9362636950657403,0.00017789939036986645,1.7171477151123712e-06,0.0098374513551366,0.001558988598814102,-0.09920918009524163,165.1348445888498,-37.292984494810376,-41.9499582581048,1.1792052948808482,17.64894670023328,0.0007750905291862096,-3.5686793087305007,0.006160587250410002,8.239016631460638,-3248.045468436198,217.17601964950643,-18.81512217423465,48.36173135890852,-0.870115024665195,0.9539723123972891,-33.50090897280498,-1.6660495953125717e-06,-0.0009389508598093069,2.75941013192065,-0.1754021415417654,0.020913460180750656,-0.005048793571505443,-0.0004056348619496206,6.598862897166116e-06,0.9776592493337873
0.9818625962378708,-0.43083572907859125,3451.9684457477983,-1081.205848061013,-1207.8727510766983,417.251172296378,-3.2336945154540198,-0.03054444946011518,-39.982377129268556,8.644391442372522e-06,0.9395872582515974,17.721952570099084,-1.309169560430634,-0.665063210305082,-0.06026369886284119,-0.0017536157001535459,0.00012183897014069966,0.03737852014989209,-1.6124416974332556e-08,-2.1158617357761415e-05,0.9743543688612843,-0.001666957298814647,0.00034126259016017756,2.0089165331988504e-06,-3.8823796584916476e-06,6.36435935720199e-10,6.5382373219841e-05,-2.35616429799995e-07,1.1044090214537747e-05,0.07914849698477303,0.9507488288445433,0.010386825500948965,0.00011683420826648418,-6.942502038100864e-05,-1.624998357187204e-06,-0.00019835536325802823,2.979368502636969e-07,1.7745384922349515e-05,0.1876439392598046,-0.007130766232017306,0.9195669525272889,0.00701976375587899,2.7241510791686785e-05,-2.8542269231439396e-07,0.000308129538497671,-6.433988956457381e-08,-0.0007215316580614367,1.014634632317352,-0.034703584615782525,0.01176981411755562,0.9325596890061053,0.0001880113243490122,1.818395239637844e-06,0.010409620897924429,0.0017505999263968022,-0.11462002407491464,187.1353178305578,-42.03841018769009,-47.06584349010101,1.3136041365730817,18.607667246822327,0.00087520913222709,-3.9895088635947125,0.006528661659286716,8.717013687217976,-3454.20813634253,231.09330286133556,-20.301241165393492,51.079147464657964,-0.9218753704323119,0.9512491908997618,-35.48059542778192,-1.7711020787674618e-06,-0.0009921316761581172,2.9203410477398704,-0.18542908900624927,0.022277258252570948,-0.005396108307739377,-0.00042862619908706637,6.9858596918420015e-06,0.9763558016960784
0.9808535710348971,-0.4906363667590371,3645.0354413207037,-1140.9627984725648,-1274.1873384435303,439.5515437462367,-3.4097132017111775,-0.03222884229633136,-41.869169682962806,9.029085294676857e-06,0.9363113592524303,18.674448969138634,-1.376971867058012,-0.6993584294107555,-0.06372804213863317,-0.0018381212062267484,0.0001284244586190345,0.039232009507364454,-1.7081336944942065e-08,-2.230996292426559e-05,0.9728902704809869,-0.0017538534476826293,0.0003604518077015351,1.4414664273722794e-06,-4.0796026961782415e-06,5.033194220603574e-10,6.914169280197588e-05,-2.499804369642549e-07,1.166655876354612e-05,0.0827202227834265,0.948129510891627,0.010957774823175656,0.00010866791831814284,-7.300406610157683e-05,-1.7168075985701367e-06,-0.0002053729949797331,3.15904033566536e-07,1.7913386605891536e-05,0.19875919327758354,-0.0076401627834631275,0.9151300803323577,0.007401251199263133,2.8477977442766786e-05,-2.9929808722265106e-07,0.00032796391525497664,-6.745662034794548e-08,-0.0007608246494422475,1.072203996963994,-0.03679918339210271,0.012400690732984138,0.9288708646532459,0.000198084399245358,1.9191523319138115e-06,0.010978406349486138,0.0019530853168329288,-0.13104552428990485,210.41387869315022,-47.05994148583721,-52.4686814727233,1.4560900558701346,19.564098157045315,0.0009811560816534342,-4.4334335041140855,0.0068950767473218676,9.192215146663472,-3659.0727121332898,244.9219080071851,-21.803091433486287,53.78484628086429,-0.973691120692449,0.9485344496575233,-37.44960058520654,-1.8760335264028878e-06,-0.001045017813422631,3.0805655319980447,-0.1954061819849052,0.023646034808522436,-0.005742427827903283,-0.00045152273826186087,7.371813940007458e-06,0.9750545157034268
0.9798422455837342,-0.5521595802191922,3837.749763878109,-1200.4728686166256,-1340.0690220567215,461.7041762272625,-3.585343380545587,-0.03389914572190799,-43.72873911721738,9.412866831532567e-06,0.9330492836992875,19.619896091723177,-1.4443233787052339,-0.733394332535102,-0.06715239459088312,-0.0019213126386114388,0.00013497366083112936,0.04106438266411361,-1.8037513465852464e-08,-2.3455532483895144e-05,0.9714271628304783,-0.0018402118946083432,0.0003796495408748629,8.633160145631064e-07,-4.2749407071307166e-06,3.730035278043033e-10,7.289632960607941e-05,-2.6436258107684353e-07,1.2235708335755182e-05,0.08629566607417942,0.9455173915624951,0.011526693647690541,0.0001001372853171721,-7.65544490297911e-05,-1.8080932512149317e-06,-0.00021200470572163715,3.337675158367458e-07,1.803417333866454e-05,0.2098404643158129,-0.00814980840936333,0.9107129968404006,0.007779687343787454,2.9686508415240236e-05,-3.129823745982261e-07,0.0003479437663920188,-7.048814752699644e-08,-0.0007998844703336838,1.1295054127973525,-0.038891386743486016,0.013024867885618309,0.9251971596714249,0.0002081186954760032,2.0194218050851547e-06,0.01154382294489636,0.002166409203513993,-0.1484780798773414,234.9570942517846,-52.35641838434657,-58.15733338611052,1.6067937407060833,20.51823987936756,0.0010928957089413717,-4.900399026526603,0.007259834238949851,9.664633500559296,-3862.645853183808,258.66233601072935,-23.32038206256044,56.47885758634239,-1.0255609148986462,0.9458280592734625,-39.40795926807821,-1.9808434085481765e-06,-0.0010976101684027604,3.2400860250028054,-0.20533359187571615,0.02501973796270493,-0.006087755200412328,-0.0004743247696016319,7.756727119524769e-06,0.9737553860919625
0.9788286346555726,-0.6153860803590407,4030.1083973928553,-1259.736516464338,-1405.5197084637448,483.70982828612097,-3.760584335733166,-0.035555443407942644,-45.561250769243344,9.795751069965788e-06,0.9298009715411919,20.55833290083907,-1.511226585111532,-0.7671728559350777,-0.07053697116874197,-0.002003196687343717,0.00014148673833795517,0.04287574415652489,-1.899292985378222e-08,-2.4595346773656988e-05,0.9699650535916966,-0.0019260351508537568,0.00039885521652419526,2.745255041125536e-07,-4.468402720953147e-06,2.45474988116813e-10,7.664623910245081e-05,-2.787625133818251e-07,1.2751968607169237e-05,0.0898747297195272,0.9429124530806922,0.012093590394589257,9.124418243195624e-05,-8.007626292570478e-05,-1.8988575618501827e-06,-0.0002182532656672546,3.5152755795377456e-07,1.8108235643441205e-05,0.22088770972186939,-0.008659682510930041,0.9063156221483606,0.008155090917300396,3.0867285795098065e-05,-3.2647701463893973e-07,0.00036806758689604063,-7.343472769163881e-08,-0.0008387122875436641,1.1865398930753328,-0.040980189917991384,0.013642378769144075,0.9215385119879886,0.0002181142933034371,2.119206454794152e-06,0.01210588585385253,0.0023905360612152308,-0.16691012403954053,260.75159634832585,-57.926683187149074,-64.13066300899126,1.7658448194688647,21.47009287273738,0.0012103924763329176,-5.390351097233628,0.007622935874839927,10.13428118869425,-4064.9341833708627,272.31508531026276,-24.85282437724018,59.161211096100004,-1.0774833990433859,0.943129990465404,-41.355706206928645,-2.085531199574833e-06,-0.001149909636594012,3.3989049594948724,-0.21521148960821898,0.026398316094394955,-0.006432093483324519,-0.000497032582581033,8.140600709973541e-06,0.9724584076143657
0.9778127529761831,-0.680296713938177,4222.108369186656,-1318.7542012413135,-1470.5412970196835,505.569254736005,-3.9354353630271084,-0.037197818572940175,-47.366869142213716,1.017775292355191e-05,0.9265663629797619,21.48979816601109,-1.5776839645516743,-0.8006959242757293,-0.07388198580340427,-0.002083780020021914,0.00014796385202669877,0.04466619803803895,-1.9947569538357885e-08,-2.5729426468757465e-05,0.968503950385897,-0.002011325717886142,0.0004180682652151841,-3.248449541140522e-07,-4.65999773720348e-06,1.2072058667715335e-10,8.039137707437995e-05,-2.9317988645585793e-07,1.321576683392105e-05,0.09345731730447486,0.9403146776879816,0.01265847341751962,8.199047995728387e-05,-8.356960140841992e-05,-1.989102768168922e-06,-0.00022412143283119615,3.691844205118375e-07,1.813606059733128e-05,0.23190088814734794,-0.009169764656773615,0.9019378766674325,0.008527480540171814,3.202049075937705e-05,-3.397834583615955e-07,0.0003883338830040245,-7.629661735732185e-08,-0.0008773092617772008,1.2433084468792799,-0.0430655881980052,0.014253256449777381,0.9178948597922177,0.00022807127283592138,2.218509059283012e-06,0.01266461018096585,0.0026254304061233166,-0.18633412391714893,287.7840813707071,-63.769580505911875,-70.3875367121346,1.9333718656183851,22.419657606550583,0.0013336109764045118,-5.903235254116468,0.007984383411778416,10.601170600080206,-4265.944293233297,285.8806518691044,-26.400131930116267,61.831936461486166,-1.1294572256394289,0.9404402140656509,-43.29287604010488,-2.1900963778797253e-06,-0.0012019171121826946,3.557024760668713,-0.22504004564440266,0.02778171784699017,-0.006775445724367332,-0.0005196464660218177,8.523436192624424e-06,0.9711635750398133
0.9767946152259915,-0.7468724627772148,4413.746749579081,-1377.5263834091822,-1535.1356799115586,527.283206674963,-4.109895770076552,-0.038826353985164944,-49.14575790931549,1.0558887202913259e-05,0.9233453984681979,22.414330464185337,-1.643697983881176,-0.8339654506906805,-0.0771876514123305,-0.0021630692818604153,0.00015440516211346163,0.0464358478814658,-2.0901416061652716e-08,-2.685779218274607e-05,0.9670438607739485,-0.002096086087409919,0.0004372881212190723,-9.347352707354033e-07,-4.849734725468179e-06,-1.2728445245503294e-12,8.413169961696165e-05,-3.0761435420625443e-07,1.362752786391396e-05,0.0970433331319468,0.9377240476445015,0.013221351004178358,7.237804529602561e-05,-8.703455795590613e-05,-2.078831098864803e-06,-0.00022961195310110255,3.8673836381853915e-07,1.811813185229807e-05,0.24287995953718458,-0.009680034581923338,0.8975796811218385,0.008896874725881429,3.314630358037711e-05,-3.529031476546519e-07,0.000408741172127591,-7.90740729635162e-08,-0.0009156765476695219,1.2998120791339993,-0.045147576900227554,0.014857533866711885,0.9142661415341808,0.00023798971402787247,2.317332379495844e-06,0.013220010966050912,0.0028710567958639683,-0.2067425804627614,316.04131003294594,-69.88395725892666,-76.92682345182978,2.109502402288431,23.366934560615086,0.0014625159316372226,-6.438996907847004,0.008344178622551386,11.065314073147835,-4465.682740131934,299.35952918596576,-27.96202048919756,64.49106327033971,-1.1814810537006826,0.9377587010205283,-45.219503314051074,-2.2945384258683076e-06,-0.0012536334880411811,3.7144478461931647,-0.23481942997960664,0.029169892126957187,-0.007117814960964359,-0.0005421667080929236,8.905235050412972e-06,0.9698708831539256
0.9757742360401551,-0.8150944429634703,4605.020651538814,-1436.05352464727,-1599.3047421825836,548.8524315041373,-4.283964876345685,-0.040441131964981114,-50.898079917781985,1.0939168616214691e-05,0.920138018710275,23.331968180608403,-1.7092710985813595,-0.8669833368423223,-0.08045417990345585,-0.0022410710957434417,0.00016081082814594817,0.04818479678128816,-2.185445307772673e-08,-2.7980464467659002e-05,0.9655847922566311,-0.002180318741398425,0.0004565142224967226,-1.5550854178539063e-06,-5.037622625436744e-06,-1.2051842538992325e-10,8.786716313591297e-05,-3.220655718690333e-07,1.3987674148413353e-05,0.10063268221822304,0.9351405452289173,0.013782231376804793,6.240874294101396e-05,-9.047122590482112e-05,-2.168044773668142e-06,-0.00023472756027944936,4.041896478935116e-07,1.805492965556258e-05,0.2538248851188482,-0.010190472186853181,0.893240956547606,0.009263291881604192,3.424490362985975e-05,-3.6583751533060663e-07,0.00042928798277835526,-8.176735087220479e-08,-0.0009538152938190136,1.3560517906276777,-0.047226151375657624,0.015455243832565385,0.9106522959235959,0.00024786969668024394,2.4156791591800795e-06,0.01377210318441401,0.0031273798295294508,-0.22812802831501028,345.5101071558131,-76.26866266998617,-83.74739476339428,2.2943629068724394,24.311924225115582,0.0015970721939886066,-6.997581343192408,0.0087023232958279,11.526723895941625,-4664.156048408798,312.7522083052821,-29.53820802542398,67.13862104713776,-1.2335535487230973,0.935085422389928,-47.13562248358916,-2.398856829937894e-06,-0.0013050596557232276,3.871176626232009,-0.24454981214341967,0.030562788102782863,-0.007459204220261966,-0.000564593596310567,9.285998767913685e-06,0.9685803267587128
0.9747516300086372,-0.8849439040608964,4795.9272303372,-1494.3360878344008,-1663.0503617563518,570.2776729459131,-4.457642013033274,-0.0420422343871812,-52.623997192905556,1.1318611769657074e-05,0.91694416465934,24.242749509702804,-1.7744057528042552,-0.8997514729817099,-0.08368178217938564,-0.0023177920622787923,0.00016718100900614354,0.049913147355954056,-2.280666435216828e-08,-2.9097463814162586e-05,0.9641267522749295,-0.0022640261521255905,0.0004757460106827016,-2.1858354300469335e-06,-5.2236703469761244e-06,-2.3702922791392995e-10,9.159772434639363e-05,-3.3653319600696447e-07,1.429662575358772e-05,0.10422527028840156,0.9325641527385741,0.014341122692671487,5.208443445712331e-05,-9.387969845033302e-05,-2.2567460033818133e-06,-0.00023947097612522344,4.2153853246706744e-07,1.7946930869895896e-05,0.2647356273916016,-0.01070105753651253,0.888921624291352,0.009626750308792578,3.53164693832275e-05,-3.7858798517809413e-07,0.00044997285449373714,-8.437670736638033e-08,-0.0009917266428199852,1.4120285780316977,-0.04930130700957786,0.01604641903382495,0.9070532619286948,0.0002577113004409091,2.5135521249873346e-06,0.01432090174714009,0.003394364147705966,-0.250483035673125,376.17736144815257,-82.92254826724903,-90.84812475471062,2.488078815593179,25.254627100578336,0.0017372447444662174,-7.57893372031397,0.00905881923604373,11.98541230631419,-4861.370709545618,326.0591778275066,-31.12841470024074,69.77463925314436,-1.2856733826655928,0.932420349346857,-49.04126791219827,-2.503051080460987e-06,-0.0013561965054593465,4.027213503464507,-0.2542313612005785,0.03196035520392897,-0.00779961651915598,-0.0005869274175383466,9.665728831314199e-06,0.9672919006725218
0.9737268116762839,-0.9564022283242466,4986.463683204029,-1552.3745370308236,-1726.3744094609524,591.5596710619791,-4.630926522992648,-0.043629742683302705,-54.3236709420308,1.169723116796873e-05,0.9137637775173092,25.14671245593875,-1.8391043794173514,-0.9322717380081671,-0.08687066814157723,-0.0023932387598515396,0.00017351586291298118,0.051621001750158726,-2.3758033761637035e-08,-3.0208810651696523e-05,0.9626697482103276,-0.0023472107821975443,0.0004949829310694197,-2.826925405349715e-06,-5.407886770205006e-06,-3.5081827638545567e-10,9.53233402718295e-05,-3.510168845076071e-07,1.4554800371999525e-05,0.10782100377188651,0.9299948524896463,0.014898033044571856,4.14069784635487e-05,-9.726006864594486e-05,-2.344936989917007e-06,-0.00024384491039547144,4.3878527697886806e-07,1.779460899380036e-05,0.27561215011583096,-0.011211770859361914,0.8846216060090705,0.00998726820375581,3.6361178423684755e-05,-3.9115597201369733e-07,0.00047079433776322317,-8.690239864854947e-08,-0.0010294117312952585,1.4677434339203514,-0.05137303922153741,0.016631092031290737,0.9034689787750945,0.0002675146048050437,2.61095398657373e-06,0.01486642150137841,0.0036719744325009397,-0.27380020417196016,408.0300252888501,-89.84446788209286,-98.22789009979124,2.6907745280563993,26.195043697836084,0.0018829986927027585,-8.182999076060064,0.009413668263285642,12.441391492119886,-5057.333182321656,339.2809239193683,-32.73236285323344,72.3991472865592,-1.3378392339310174,0.9297634531769858,-50.93647387229309,-2.6071206717686414e-06,-0.0014070449261522331,4.182560873105889,-0.2638642457518668,0.0333625431197903,-0.008139054864318391,-0.0006091684579873584,1.004442672838962e-05,0.9660055997299836
0.9726997955429004,-1.0294509299174472,5176.627248985576,-1610.1693374602614,-1789.2787490530145,612.6991622712993,-4.803817760652091,-0.045203737843933105,-55.99726155852836,1.2075041214894774e-05,0.9105967987336729,26.0438948347022,-1.9033694000481869,-0.9645459995285999,-0.09002104669450871,-0.0024674177446776875,0.00017981554742499991,0.05330846163711588,-2.4708545293408498e-08,-3.131452534861703e-05,0.961213787385101,-0.00242987508458413,0.0005142244325913248,-3.4782955062298888e-06,-5.590280745567988e-06,-4.618985475868662e-10,9.904396824273911e-05,-3.655162965813406e-07,1.4762613334045993e-05,0.11141978979790232,0.927432626817288,0.015452970461304788,3.0378230616282377e-05,-0.00010061242940332046,-2.4326199263288435e-06,-0.0002478520608867206,4.559301405766074e-07,1.7598434181580147e-05,0.2864544183024434,-0.011722592546413644,0.8803408236649259,0.01034486365823605,3.73792074463798e-05,-4.0354288173347626e-07,0.0004917509939550776,-8.934468083924343e-08,-0.0010668716899285798,1.523197346790449,-0.053441343465334336,0.01720929526051854,0.899899385944671,0.00027727968911550827,2.70788743669966e-06,0.015408677230626873,0.0039601754075701935,-0.29807216875748943,441.0551145094495,-97.03327764795581,-105.8855700323717,2.9025734117884925,27.13317453799305,0.0020342992765328676,-8.809722325253256,0.009766872213176157,12.894673591407711,-5252.049892970824,352.4179303240944,-34.34977698982383,75.01217448266627,-1.390049787347134,0.9271147052781988,-52.82127454550097,-2.711065102133888e-06,-0.0014576058053722475,4.337221122927809,-0.2734486339350145,0.03476930179865617,-0.008477522252224066,-0.000631317003216319,1.0422093948477034e-05,0.9647214187819597
0.9716705960633272,-1.1040716541361568,5366.415207804875,-1667.720955492089,-1851.765237241683,633.6968793679971,-4.976315091935674,-0.04676430042100308,-57.64492862574935,1.245205621368444e-05,0.9074431700045028,26.934334273159255,-1.96720322512879,-0.9965761139165193,-0.09313312574983401,-0.0025403355508577825,0.00018608021944299086,0.05497562822081843,-2.5658183044919867e-08,-3.241462821233983e-05,0.9597588770626087,-0.00251202150265034,0.000533469967809152,-4.139885960553756e-06,-5.770861093909642e-06,-5.702829709925721e-10,0.00010275956589556333,-3.800310927593881e-07,1.4920477619350146e-05,0.11502153619103378,0.9248774580757798,0.016005942908156233,1.9000043590786065e-05,-0.0001039368734921123,-2.519796996851844e-06,-0.00025149511347627234,4.7297338211471e-07,1.7358873263301818e-05,0.29726239820233263,-0.01223350315027741,0.8760791995300502,0.010699554659981554,3.837073226252833e-05,-4.157501113642142e-07,0.0005128413952434998,-9.170380997553512e-08,-0.0011041076434968565,1.5783913010808277,-0.05550621522899712,0.017781061032261007,0.8963444231744409,0.000287006632563231,2.804355151329021e-06,0.015947683655015036,0.004258931838145019,-0.32329159756276393,475.23970817741275,-104.48783599916673,-113.82004633953187,3.123597806758237,28.069020152390035,0.00219111186157153,-9.459048261971613,0.01011843293675884,13.345270692613527,-5445.527235338122,365.47067837159534,-35.98038376902592,77.61375011398268,-1.4423037341476408,0.9244740771601475,-54.695704022937925,-2.814883873755196e-06,-0.001507880029352949,4.4911966332787445,-0.2829846934255968,0.036180581446675325,-0.00881502166917748,-0.0006533733381316985,1.0798731982450155e-05,0.9634393526954901
0.9706392276475169,-1.1802461766344905,5555.824880724198,-1725.0298586236286,-1913.8357237125251,654.5535515391521,-5.148417894184508,-0.048311510530068186,-59.26683092096065,1.282829036757632e-05,0.9043028332714622,27.818068211116902,-2.0306082539399655,-1.0283639263707776,-0.09620711223052485,-0.002611998690430481,0.00019231003521263406,0.056622602238288584,-2.6606931223317476e-08,-3.350913948948293e-05,0.9583050244475831,-0.002593652470187676,0.0005527189928942267,-4.811637062544286e-06,-5.949636606548462e-06,-6.759844289665934e-10,0.000106470091171498,-3.945609348918333e-07,1.5028803868102159e-05,0.1186261514667914,0.9223293286386762,0.016556958287377892,7.274267064858277e-06,-0.0001072334935397913,-2.606470376935266e-06,-0.0002547767421633691,4.899152601530439e-07,1.7076389764645398e-05,0.3080360572959117,-0.012744483384210772,0.8718366561813453,0.011051359093316825,3.933592780351842e-05,-4.277790491143831e-07,0.0005340641245362253,-9.39800420095627e-08,-0.0011411207109022227,1.6333262771917596,-0.05756765003476499,0.018346421532907595,0.8928040304554462,0.0002966955141875905,2.9003597897278977e-06,0.016483455431585838,0.004568208531059134,-0.3494511917843332,510.5709483800247,-112.20700366976368,-122.03020335534511,3.3539690298826557,29.002581082569613,0.0023534019407941108,-10.1309215608242,0.010468352300384098,13.793194834751539,-5637.771571035383,378.4396469886141,-37.623911991262155,80.2039033904074,-1.494599771953218,0.921841540443804,-56.559796305483516,-2.91857649273999e-06,-0.001557868482986685,4.644489777104367,-0.2924725914379335,0.037596332526824226,-0.009151556091339465,-0.0006753377469878645,1.117434232269413e-05,0.9621593963537403
0.96960570466061,-1.2579564026558918,5744.8536294097585,-1782.0965154625696,-1975.4920511513633,675.2699043825099,-5.3201255560784295,-0.04984544785257893,-60.863126419260965,1.3203757780281563e-05,0.9011757307208219,28.695133901880098,-2.093586874655425,-1.0599112709740148,-0.09924321207499917,-0.0026824136534260735,0.00019850515032712482,0.05824948396181753,-2.7554774145005594e-08,-3.459807936600931e-05,0.9568522366864206,-0.0026747704114454163,0.0005719709676128237,-5.493489173730922e-06,-6.1266160453506865e-06,-7.790157569591234e-10,0.00011017550231532975,-4.0910548614563077e-07,1.5088000392351313e-05,0.12223354482720243,0.9197882208989501,0.01710602443866286,-4.797252298304795e-06,-0.00011050238203147829,-2.692642233278292e-06,-0.00025769960911023427,5.067560329556486e-07,1.675144392664659e-05,0.3187753642827129,-0.013255514121174523,0.8676131165002892,0.011400294739709745,4.027496812499699e-05,-4.3963107442482986e-07,0.0005554177754025691,-9.61736328070597e-08,-0.00117791200520393,1.688003251504257,-0.059625643439067476,0.01890540882492322,0.8892781480316445,0.0003063464128767982,2.9959039945627126e-06,0.017016007154576022,0.0048879703347755364,-0.3765436855591262,547.0360400089371,-120.18964369230133,-130.51492795455496,3.5938073795170618,29.93385788024145,0.002521135134117998,-10.825286778220804,0.010816632185595474,14.238458007605152,-5828.789229596331,391.3253127088393,-39.280092586239356,82.78266345937018,-1.5469366047526074,0.9192170668610168,-58.413585304054536,-3.0221424690882075e-06,-0.0016075720498202322,4.797102919967856,-0.3019124947259886,0.03901650575787869,-0.009487128484753969,-0.0006972105133872346,1.1548926463080502e-05,0.9608815446559488
0.9685700414230136,-1.337184366268124,5933.498855798594,-1838.921395709509,-2036.736055268043,695.8466599241042,-5.4914374775581,-0.05136619163813937,-62.43397229747793,1.3578472456465075e-05,0.898061804782478,29.565568413105233,-2.156141464385771,-1.091219970750822,-0.10224163024123642,-0.0027515869079199626,0.00020466571972979,0.059856373201194635,-2.85016962351967e-08,-3.5681467967369465e-05,0.9554005208674679,-0.002755377741161813,0.000591225355310579,-6.1853827238912305e-06,-6.301808142804003e-06,-8.793897437021116e-10,0.00011387575787427469,-4.2366441100260853e-07,1.5098473187248736e-05,0.1258436261564273,0.9172541172691373,0.01765314913961839,-1.721267086685657e-05,-0.00011374363130977725,-2.778314723865088e-06,-0.00026026636468298655,5.234959584894783e-07,1.6384492725330718e-05,0.32948028907105437,-0.013766576392892917,0.8634085036717473,0.011746379278335748,4.1188026410938e-05,-4.51307558019185e-07,0.0005769009520019068,-9.828483814589132e-08,-0.0012144826336500645,1.7424231963992796,-0.06168019103250293,0.019458054847285612,0.8857667163988044,0.00031595940736828124,3.0909903919978384e-06,0.01754535335569526,0.005218182139413247,-0.40456184584179145,584.6222505453532,-128.4346213966469,-139.27310954627978,3.8432321399293294,30.862851107247703,0.0026942771879858544,-11.542088353635906,0.01116327448901648,14.681072151917062,-6018.586508630952,404.12814968298323,-40.94865860088429,85.35005940598033,-1.5993129428837234,0.9166006282540686,-60.257104839877584,-3.125581316675909e-06,-0.0016569916120504904,4.949038420070188,-0.31130456958426955,0.04044105211338896,-0.009821741805374824,-0.0007189919202804381,1.1922485898942315e-05,0.9596057925173755
0.967532252210477,-1.417912229602369,6121.758001767633,-1895.5049701406135,-2097.5695648201277,716.2845366357943,-5.6623530697475335,-0.05287382070675421,-63.9795249380462,1.3952448302224646e-05,0.8949609981289744,30.429408627649998,-2.218274389222319,-1.1222918377256195,-0.10520257071087936,-0.0028195249000860954,0.00021079189771669397,0.06144336930592621,-2.944768202746319e-08,-3.675932535864376e-05,0.9539498840213104,-0.0028354768645952,0.0006104816228969575,-6.88725821198443e-06,-6.475221602091154e-06,-9.7711913140386e-10,0.00011757081669682033,-4.3823737525746487e-07,1.5060625942241085e-05,0.1294563060164011,0.9147270001814785,0.018198340106235705,-2.9970148056856474e-05,-0.00011695733357461042,-2.863489997999715e-06,-0.000262479647492428,5.40135294423157e-07,1.5975989891238852e-05,0.3401508027677726,-0.01427765138891871,0.8592227411827885,0.012089630286639015,4.20752749776923e-05,-4.6280986195399486e-07,0.0005985122690125926,-1.0031391371459724e-07,-0.0012508336977090943,1.7965870802768398,-0.06373128843981615,0.0200043914159214,0.8822696763034061,0.0003255345762490648,3.185621591792682e-06,0.018071508504404008,0.005558808876773947,-0.4334984722824934,623.3169098458483,-136.9408044087648,-148.3036400677446,4.102361585758453,31.78956133552851,0.0028727939749504656,-12.281270610866933,0.011508281122237885,15.121049159578696,-6207.169673979208,416.8486296888227,-42.6293451873384,87.90612025317564,-1.6517275030147927,0.9139921965752357,-62.09038864476055,-3.2288925532389354e-06,-0.0017061280505202307,5.100298628270365,-0.320648981848727,0.04186992282065809,-0.010155398999092539,-0.0007406822499664877,1.2295022127049382e-05,0.9583321348692492
0.9664923512541694,-1.5001222820964042,6309.628548804932,-1951.8477105904017,-2157.9944016365266,736.5842494527152,-5.832871754877034,-0.054368413451064565,-65.4999399328667,1.4325699125568092e-05,0.8918732536745291,31.286691244419604,-2.279988004280779,-1.1531286729802521,-0.1081262364933228,-0.002886234054250349,0.00021688383793923475,0.06301057116744398,-3.039271616329053e-08,-3.783167154468463e-05,0.9525003331210584,-0.0029150701775550215,0.000629739240829773,-7.599056207076819e-06,-6.6468650971634e-06,-1.0722166159426366e-09,0.00012126063793157044,-4.528240460157579e-07,1.4974860052215414e-05,0.13307149564250023,0.9122068520880611,0.018741604993356892,-4.3067846348636776e-05,-0.00012014358088305526,-2.948170196340904e-06,-0.0002643420844347069,5.566742981257512e-07,1.5526385928846816e-05,0.3507868776680214,-0.014788720455703045,0.8550557528215053,0.012430065240890725,4.2936885278019325e-05,-4.7413933966857927e-07,0.0006202503515613118,-1.0226111511094056e-07,-0.001286966293101248,1.8504958675750123,-0.06577893131987515,0.020544450224140875,0.8787869687415456,0.00033507199795615493,3.2798001873982345e-06,0.018594487008190053,0.0059098155203685014,-0.463346397105164,663.1074099288267,-145.7070626494905,-157.60541397804033,4.371312986457434,32.713989147087624,0.0030566514932611737,-13.042777759286787,0.011851654011705563,15.558400873818965,-6394.544959864036,429.487222141205,-44.32188959101147,90.45087496187129,-1.7041790081255261,0.9113917438863481,-63.913470361362904,-3.3320757003566074e-06,-0.001754982244713891,5.250885888105612,-0.32994589689765436,0.04330306935972366,-0.010488103001761088,-0.0007622817840929607,1.2666536645583694e-05,0.9570605666587152
0.9654503527407586,-1.5837969397418432,6497.108017683065,-2007.9500899346428,-2218.0123806410525,756.7465097906438,-6.0029929662065555,-0.05585004783857233,-66.99537208714719,1.4698238636888386e-05,0.8887985145740631,32.13745277920948,-2.3412846537447773,-1.1837322667113015,-0.11101282962978883,-0.002951720772943869,0.00022294169340672987,0.06455807722130315,-3.133678339163185e-08,-3.889852647025868e-05,0.9510518750826306,-0.002994160066432784,0.0006489976830997633,-8.320717349259189e-06,-6.816747272813889e-06,-1.1646948470593195e-09,0.00012494518102609296,-4.674240916918889e-07,1.4841574628595369e-05,0.13668910693923408,0.9096936554609596,0.019282951395138918,-5.6503931302981453e-05,-0.000123302465149183,-3.0323574509366956e-06,-0.0002658562907318558,5.731132266655553e-07,1.5036128135877557e-05,0.361388487245136,-0.015299765095670067,0.8509074626758377,0.012767701516744348,4.37730279051006e-05,-4.852973360346156e-07,0.0006421138351528635,-1.041266978404633e-07,-0.0013228815098297203,1.9041505187888401,-0.06782311536564688,0.021078262843071485,0.8753185349578452,0.0003445717507769211,3.3735287560530968e-06,0.019114303212843825,0.006271167085443375,-0.4940984849862069,703.9812047616111,-154.73226833329295,-167.17732825191038,4.650202610720564,33.63613513395808,0.0032458158664519033,-13.826553895090695,0.01219339509860879,15.993139089392306,-6580.718569043709,442.04439410201843,-46.02603113869411,92.98435243110868,-1.7566661874883218,0.9087992423583532,-65.7263835434649,-3.4351302834354798e-06,-0.0018035550727534295,5.400802535811528,-0.3391954796525877,0.044740443462342926,-0.010819856739224715,-0.0007837908036561884,1.303703095411498e-05,0.9557910828487844
0.9644062708124866,-1.6689187443354165,6684.193968134662,-2063.8125820733803,-2277.6253098759094,776.7720255632789,-6.172716147949477,-0.05731880141385335,-68.46597542322407,1.5070080449436756e-05,0.8857367242222346,32.981729565544356,-2.4021666709092324,-1.2141043982871202,-0.11386255119738906,-0.0030159914369563604,0.0002289656164889922,0.06608598544937028,-3.2279868568463934e-08,-3.9959910020188526e-05,0.9496045167650397,-0.0030727489082329217,0.0006682564272152182,-9.05218235055627e-06,-6.984876744750891e-06,-1.2545664285490737e-09,0.00012862440572577102,-4.820371820070787e-07,1.4661166510388972e-05,0.14030905247596148,0.9071873927923734,0.019822386845514756,-7.0276571577118e-05,-0.00012643407814389929,-3.1160538852589422e-06,-0.0002670248699722046,5.894523368088916e-07,1.4505660622507464e-05,0.37195560614056256,-0.015810766966296366,0.846777795132404,0.013102556389788047,4.458387259653527e-05,-4.962851874054511e-07,0.0006641013656003731,-1.0591091731504769e-07,-0.0013585804322117125,1.9575519904891465,-0.06986383630417226,0.02160586072209006,0.8718643164443681,0.00035403391284947864,3.466809858878981e-06,0.019630971402732414,0.006642828629006939,-0.525747632933653,745.925810048164,-164.01529596702613,-177.01828237356406,4.939145730895152,34.555999898168004,0.0034402533429307557,-14.632543002537407,0.012533506338769079,16.42527555276608,-6765.6966729635005,454.5206102901267,-47.741511226728576,95.50658149820431,-1.809187776649498,0.9062146642708789,-67.52916165623569,-3.5380558316931364e-06,-0.0018518474113942247,5.550050900342195,-0.3483978945792049,0.04618199711098121,-0.011150663127344754,-0.0008052095890014563,1.3406506553576422e-05,0.9545236784182812
0.9633601195672494,-1.7554703627342736,6870.88399853007,-2119.4356619140663,-2336.834990525112,796.6615011994372,-6.3420407551967894,-0.05877475130075927,-69.91190318436557,1.5441238079793825e-05,0.8826878262524759,33.819557755513806,-2.4626363782235763,-1.2442468363045858,-0.11667560131317346,-0.0030790524053893333,0.00023495575891889598,0.0675943933820009,-3.3221956656344685e-08,-4.101584201949463e-05,0.9481582649706732,-0.0031508390706035854,0.0006875149541866618,-9.793391995828153e-06,-7.151262099670928e-06,-1.341843918452054e-09,0.0001322982720726568,-4.966629879873377e-07,1.443403027518813e-05,0.14393124548263175,0.9046880465947645,0.02035991881865166,-8.438393894052395e-05,-0.00012953851149478615,-3.1992616142376693e-06,-0.00026785041415066914,6.056918850189243e-07,1.3935424330467168e-05,0.38248821015385165,-0.016321707879195103,0.8426666748753329,0.01343464703609414,4.536958823831762e-05,-5.071042216651455e-07,0.000686211598955931,-1.0761402885148414e-07,-0.0013940641389093024,2.010701235341249,-0.07190108989654014,0.02212727518925371,0.8684242549395383,0.0003634585621630713,3.5596460409756895e-06,0.020144505801072327,0.007024765249855677,-0.558286770166765,788.9288030174366,-173.55502234866958,-187.127178330517,5.238256627377728,35.47358405170656,0.003639930295571179,-15.46068895518473,0.012871989702529472,16.85482196230725,-6949.485411906689,466.9163330912682,-49.46807330923778,98.01759093889878,-1.8617425174105566,0.9036379820118006,-69.32183807650024,-3.6408518781420367e-06,-0.0018998601360210286,5.698633303390245,-0.35755330568822596,0.04762768253780366,-0.011480525072026442,-0.0008265384198232116,1.3774964946240506e-05,0.9532583483617919
0.9623119130586734,-1.8434345861152817,7057.175745557135,-2174.8198053548185,-2395.6432169378377,816.4156376601652,-6.510966253841688,-0.06021797420460831,-71.33330783855662,1.581172494833877e-05,0.8796517645360344,34.650973320604216,-2.5226960873348294,-1.2741613386455766,-0.11945217913816603,-0.003140910015709294,0.00024091227179493264,0.06908339810020697,-3.416303272397195e-08,-4.2066342233536825e-05,0.946713126445577,-0.003228432911867348,0.0007067727485115881,-1.0544287143663902e-05,-7.3159118953317804e-06,-1.4265398292431616e-09,0.00013596674040432867,-5.113011819614303e-07,1.416055825012009e-05,0.14755559984555064,0.9021955994009944,0.020895554729406553,-9.882420829054893e-05,-0.00013261585668594618,-3.281982744295305e-06,-0.00026833550370891635,6.21832127454487e-07,1.3325857052037435e-05,0.3929862762327176,-0.01683256979920488,0.8385740268851027,0.013763990532765702,4.613034286879673e-05,-5.177557582772435e-07,0.0007084432014416556,-1.0923628767004494e-07,-0.0014293337029601502,2.063599202123573,-0.0739348719378605,0.0226425374517295,0.8649982924270648,0.0003728457765584534,3.6520398315155764e-06,0.020654920570201005,0.007416942088600264,-0.5917088579960892,832.9778222123487,-183.3503265660583,-197.50292060745855,5.547648592994805,36.38888821648988,0.003844813221304694,-16.310935517119475,0.013208847174644387,17.2817899684684,-7132.090895144896,479.2320225679203,-51.20546288641219,100.51740946750554,-1.91432915780948,0.9010691680768077,-71.10444609300531,-3.743517959573406e-06,-0.001947594120643971,5.8465520594068865,-0.36666187653631244,0.049077452223670326,-0.011809445469245759,-0.0008477775751652814,1.4142407635695035e-05,0.9519950876896137
0.9612616652961954,-1.9327943292383098,7243.066883903088,-2229.9654892677927,-2454.051776651707,836.0351324557669,-6.679492120504581,-0.061648546414364847,-72.73034108226517,1.618155437971644e-05,0.8766284831810163,35.47601205252727,-2.582348099130523,-1.3038496525331722,-0.12219248288138738,-0.0032015705838008934,0.0002468353055837569,0.07055309623781414,-3.5103081945743814e-08,-4.31114303681558e-05,0.9452691078797342,-0.003305532781051833,0.0007260292981592487,-1.1304808727267192e-05,-7.478834660625376e-06,-1.508666628020835e-09,0.00013962977135275123,-5.259514375588314e-07,1.3841140522751016e-05,0.1511820301031704,0.8997100337644586,0.021429301933778636,-0.00011359555766785398,-0.00013566620505784817,-3.364219373380773e-06,-0.0002684827075754054,6.378733199689252e-07,1.2677393448940617e-05,0.4034497824631603,-0.01734333484348332,0.8344997764373838,0.014090603858480247,4.6866303682618286e-05,-5.282411083332801e-07,0.0007307948493811774,-1.1077794889306438e-07,-0.001464390191808036,2.1162468357461752,-0.0759651782572367,0.023151678596222764,0.8615863711348709,0.00038219563372827217,3.743993743837493e-06,0.02116222981184708,0.007819324327691555,-0.6260068897039537,878.0605672793907,-193.4000899956016,-208.14441618014538,5.867433937368232,37.3019130243272,0.004054868740715177,-17.183226344181772,0.013544080754169898,17.706191173973053,-7313.519201087762,491.4681364691279,-52.953427492854374,103.00606573705983,-1.966946452102057,0.8985081950689736,-72.87701890668411,-3.846053616541175e-06,-0.001995050237894612,5.993809475621883,-0.3757237702269672,0.05053125889713455,-0.01213742720507625,-0.000868927333421099,1.4508836126819276e-05,0.9507338914277034
0.9602093902451391,-2.023532629713465,7428.555125938534,-2284.8731914826717,-2512.062450415997,855.5206796627488,-6.847617842458498,-0.063066543804808,-74.10315384419025,1.6550739603302585e-05,0.8736179265314353,36.2947095640449,-2.6415947037814775,-1.333313514587579,-0.12489670980386404,-0.003261040404020018,0.00025272501012272306,0.07200358398360897,-3.604208960132029e-08,-4.415112606981433e-05,0.9438262159073455,-0.0033821410179202555,0.000745284094555495,-1.2074897755334204e-05,-7.640038895650557e-06,-1.5882367366949019e-09,0.00014328732584313828,-5.406134297076784e-07,1.3476164951941901e-05,0.1548104514419043,0.89723133225922,0.021961167729359125,-0.00012869616827166876,-0.00013868964780717468,-3.4459735910034476e-06,-0.00026829458320530586,6.538157181089521e-07,1.1990465071128281e-05,0.4138787080596519,-0.017853985280605257,0.8304438491018854,0.014414503894030598,4.757763703464871e-05,-5.385615746010205e-07,0.0007532652291315433,-1.1223926754352473e-07,-0.0014992346673332333,2.168645077269162,-0.07799200471773697,0.02365472958940422,0.8581884335340282,0.0003915082112174498,3.835510275540219e-06,0.021666447567399386,0.008231877191446448,-0.661173890425409,924.164798758852,-203.7031963009913,-219.05057450932202,6.197723991265194,38.21265911688703,0.004270063597634695,-18.077504985183843,0.013877692454354528,18.12803713400039,-7493.776377431954,503.6251302402971,-54.711716685980804,105.48358833946745,-2.0195931607432405,0.8959550356983267,-74.6395896309201,-3.948458393345964e-06,-0.002042229359022048,6.140407852063492,-0.3847391494114341,0.05198905553344465,-0.01246447315571588,-0.0008899879723339392,1.4874251925760259e-05,0.9494747546176262
0.9591551018267952,-2.1156326472722737,7613.63822140351,-2339.5433907702663,-2569.6770122147877,874.8729699406815,-7.015342917554912,-0.06447204183868918,-75.45189628899182,1.691929375366707e-05,0.8706200391662642,37.10710128979073,-2.700438180784426,-1.3625546508817798,-0.12756505622262468,-0.003319325749246839,0.00025858153462241104,0.07343495708347608,-3.69800410751864e-08,-4.51854489257384e-05,0.9423844571071072,-0.003458259953001894,0.0007645366325676725,-1.2854495312923695e-05,-7.799533071785745e-06,-1.6652625321734756e-09,0.0001469393650928189,-5.552868346327157e-07,1.3066017178656977e-05,0.15844077969196554,0.8947594774801418,0.02249115935577825,-0.00014412422447486874,-0.00014168627598667129,-3.5272474782669784e-06,-0.00026777367662029274,6.696595771135178e-07,1.126550037546551e-05,0.4242730333553858,-0.018364503529665663,0.8264061707412071,0.01473570742286287,4.826450844388156e-05,-5.487184515724347e-07,0.0007758530370155368,-1.136204985436485e-07,-0.0015338681858827184,2.220794863921022,-0.08001534721636505,0.02415172127833575,0.8548044223376953,0.0004007835864235658,3.9265919085753815e-06,0.022167587818174732,0.008654565946073648,-0.6972029170296113,971.278337875669,-214.25853143189929,-230.22030753466757,6.538629110932909,39.121127145663465,0.004490364658740876,-18.993714883123197,0.01420968430253054,18.547339356369193,-7672.868441309522,515.7034570329541,-56.4800820344809,107.95000580565356,-2.0722680503685367,0.8934096627814223,-76.39219129180945,-4.0507318380191155e-06,-0.002089132353889066,6.286349481578366,-0.3937081762895977,0.053450795353548894,-0.01279058618751387,-0.0009109597689971627,1.5238656539909222e-05,0.948217672316505
